feature1,feature2,feature3,feature4,label
-0.6023567791230814,-1.7645999551726654,1.4399206939006068,-2.655652980890405,0
-0.9127841862552702,1.6266867301640604,0.18398926382955014,1.6364049283817172,0
-1.541627296786935,-0.16542703533867953,-0.15101068249486288,-1.0701067211864241,0
1.113363869186716,-1.139498796214955,0.6589410867287865,-0.884255622355868,1
0.3412669116402254,0.3138482207671419,-2.3591292890023055,0.6017815245383674,1
2.53310820613068,-0.6851082244933533,-1.1945663489122136,0.4988026583793459,1
-0.1649340964801158,0.8940128299576549,0.5152683833669943,1.0855290557679054,0
1.6418009827895768,-0.7389714444009823,0.40286059537733904,-0.06489828983548884,1
-0.791403500835828,0.3923552907470792,0.4990183879127738,0.07885954735867307,0
1.2828083248249509,0.13505124865613072,-0.6728453708238893,0.887024043456747,1
-0.47756925791385063,2.7782652616491426,0.07252356755781132,3.3927713377583784,1
-0.023815792770651156,0.6151905455535287,0.5054480770591383,0.7965609031037184,0
1.2401952993183314,-1.1026991794317875,1.7787694350070733,-0.7656938203522088,1
-0.46607972070721937,0.06263577897568334,2.378176840655402,-0.17525333027384882,0
-0.5489496462421345,-0.9838452250489502,0.3819356907886713,-1.598475839315591,0
0.04405530319279083,-1.3343067108728641,0.02966919264800897,-1.7318885530693298,0
-1.1378882745962355,-0.5985166672680801,0.8204526460267931,-1.4169219676224032,0
-0.8436082631579644,-0.29935503887049597,-0.059872583332680335,-0.8604504070791146,0
2.370693342646591,-0.7317094905634376,-1.3522336143026092,0.34766556372200497,1
0.42464231674365394,0.49527498357362687,-1.858488480066281,0.8866781859392879,1
-0.33624706928478476,0.7711578324295044,-0.1480504121737339,0.829105178575927,1
-2.5614388420361216,2.2068561983648376,2.5294782870532697,1.488494809553861,0
-1.778847463240214,-0.9636367548652393,1.0943494461628296,-2.251888997594599,0
0.9222029862118744,1.2518541181444696,0.8300839504649814,2.157607867478192,1
-1.1096504457144984,-0.2790079685744606,0.005589820489828259,-0.9807641550228685,0
-1.6547093689547703,2.329137439453489,-0.5118544492418783,2.150776194169457,0
0.09920338074623292,-1.6088333156150452,-0.15054177988735237,-2.0627356733847737,0
-2.1826781085933273,0.12593749425751222,0.4353472915536722,-1.0410434686397476,0
-0.8873240008488017,1.23844469311058,-0.9604509782427793,1.1394683314037501,0
1.3371642141204392,0.4029077309416689,0.4093411236028252,1.2696366669105763,1
0.2650446980488298,-1.4209433362268238,-0.32840706554714716,-1.7237364642690411,1
-1.17788750246301,-0.5010029351694483,1.7523444000709147,-1.3106876563906666,0
-1.8372911450643903,0.44379043858535555,-0.024006763257934417,-0.43171284820637135,0
-0.7392713185821902,0.023810037275045437,0.2993386839123838,-0.3774046860796947,0
0.419104281312735,-1.3690162994956387,1.400482717312843,-1.5702091062225083,1
0.7599847078162645,0.8237229208403702,-1.8035073709693892,1.504400535864429,0
-0.6080486860451992,-1.0072676771224378,0.10022461660500574,-1.661980970354645,0
0.029647349653187716,-0.9084238652524858,-0.3419985457225951,-1.179297420117273,0
-0.060006040576879416,-1.4453925152903864,0.9093663619036882,-1.9356380239491078,0
-0.0456885597368385,-1.020494369713467,0.8667722552385542,-1.368460648557165,0
-1.1427267415815203,-1.877276255646862,-0.2768057291232878,-3.1027314802064816,1
-4.333619953843047,3.0552642409744633,0.6099136064555556,1.6253488626609214,0
-2.190120427342289,0.7100968075286502,-1.3782897197582487,-0.27627371027683,0
1.1332125520624192,-1.1434381586866036,-0.6328512577042197,-0.8784663450807185,1
0.1947404677242235,1.4170038298487198,-0.7913318207889553,1.9727669818073492,0
0.35797594989761405,-0.10183857519360916,2.0430732661931796,0.06388295151652601,1
1.3833586274816678,0.49603884318422053,-0.8795540415184541,1.4177590394776987,1
0.698553504426414,0.22059713252760038,-0.40953688714210923,0.6765863878080913,0
-1.0341393197755544,-0.5033665698995058,1.2168284725099252,-1.2343201802681014,0
-0.4712496620620431,-0.7816003954968839,-1.4385147677394765,-1.2893158819368034,0
0.14136226561764276,-1.4545342881706622,1.0405199919183543,-1.836333859203502,1
1.0307892071197189,-0.09480325222921332,-0.7942004127608047,0.4451423022970755,1
-1.7147591214044962,0.010022996359756342,2.87891013921846,-0.9348999449075258,0
-1.35430968860096,1.1319035614213186,-0.07520157003949979,0.7410393466650316,0
1.1654390467115179,1.5342390082237205,0.9642366534177008,2.6637752149353897,1
-3.2610995278416803,2.075138661084786,-1.4554344884056352,0.9282817340680645,0
-1.2477874877259159,0.10172883384160702,-0.3941716466539198,-0.5560053039561592,0
-0.060208585583174434,-0.26133434795573246,1.6057417728425885,-0.377263995474872,0
-2.5769370592775545,2.3871075405039694,1.0620305838965276,1.7171770048071204,0
-0.43969578111306196,-0.29933879887030485,-1.1567012278526176,-0.637105316888686,0
0.9216344094293946,-1.2090364429066984,-1.0038544962873628,-1.0817902130964074,1
2.4528686758453495,-0.7069092803767343,-0.3882146747431614,0.42574304471143765,1
-0.7687066958835955,-0.70097593791468,-0.968972250962224,-1.3476603843457444,0
0.27259261051699846,1.469420134767108,-0.5435863276138677,2.084803137670908,0
0.919615498247284,-1.2049674611895405,0.37904756012477664,-1.0775507793934265,1
-0.7738777505199471,-0.902487209789348,-0.7901875136571591,-1.6157534798205118,0
1.168179956074755,0.6372613977207703,-0.3509772898089905,1.4846670279671192,1
-0.28934264821254496,-0.9182993660177731,-0.08588907553806426,-1.3686657605963444,0
-2.0681802448174196,2.2245519142413093,0.4275208641201759,1.784509632192481,1
-0.9954006431069493,-0.411554671548323,-0.5404048235321293,-1.0920564750610473,0
0.5387124551142143,-1.3281631782680394,1.113384230156554,-1.4503057309951983,1
1.127226269085177,-1.1347188372503836,1.072645273818694,-0.8702995865041586,1
1.3177616726650194,-0.01366071972343419,0.4503140809537712,0.7106115012012629,1
-1.391726183705268,-0.017204148905594296,0.8355756002434299,-0.7921316586020813,0
-2.2014193961213735,1.8552112824445435,0.5416656404685257,1.2247064612058558,0
-0.8445710541265782,-1.081503301590258,0.05506397754112408,-1.890465207978996,0
-2.222489814457731,1.4598432489623439,-0.5938648155480023,0.6926636264690262,0
-0.8486096946149524,-0.7508511467754228,-0.15200481741135768,-1.4574858088842024,0
2.4169914919149815,0.01713444870644354,0.5575687875892442,1.358910384186022,1
-0.3451016116480313,0.7786959394935185,-0.24521468258296208,0.8341313300194335,0
0.7121620565862841,-2.3599844400860004,0.47412879773760636,-2.7125133466292914,0
2.228481695942188,1.0525120587121823,0.42263903497027777,2.61747215106531,0
1.1752037264317463,0.011733940721743885,-0.5906226341526566,0.665216101729793,1
-1.4742090671754333,0.09944323685114498,-0.3920682724046519,-0.6842024354914071,0
1.4765869305575723,0.36181673945229986,0.00876851102124,1.292638703124867,1
-0.0812883219542373,-1.5321615411516134,-0.3837649130575857,-2.0616125156276506,1
0.6890109412752359,-1.2781111012587671,-0.430039770455747,-1.3013257555870836,1
1.8682679121434895,-0.021031154708544775,-0.3976810379409457,1.0052859421885612,1
-2.608759293556575,1.2021566762392588,-0.03318669131805543,0.13992144665034423,0
1.5933284658105356,-0.9883764170076611,2.3082956565089523,-0.4199716658092377,1
-1.9735695735938328,1.613210955470195,1.3234617276484824,1.0321582249042527,0
0.03494440403378185,0.8430497735727297,1.4363244118643541,1.1289633196082764,0
-0.31071397177800164,-1.6076693108943758,-0.6684820766752205,-2.287847397281632,1
0.1298023112063884,0.780797244274878,0.4929095487423207,1.0994720890351117,1
-1.2734176112226345,2.138084958503439,0.7477816593911564,2.1101249830263202,0
-0.4195235124378831,0.6555881736604959,-1.32813785367415,0.6309459475372341,1
1.7945349357003757,-0.11350338808874139,0.0246737047856842,0.8428046960773145,1
0.597800544746087,0.6425985677863862,0.2479201859100287,1.1763284530012321,1
0.6726272022803975,0.7160211575024789,-1.1935760440614507,1.3143407947296863,1
1.4542742633751755,-1.0270387706168544,-1.0449636275568834,-0.5477432331440776,1
-2.0766773887886787,1.565875373080259,-0.6929600281361805,0.9128455462472337,0
-0.42371440730826926,-1.6368542571705402,0.8591000319997409,-2.3887394115250014,1
0.6349559666870751,0.7981843494329338,2.653813013917666,1.4016575033148815,1
2.0239258694323947,-0.8478637514161527,1.4046634186302296,0.003052346369091463,1
1.2609518857621669,0.077859620024324,-0.6621925704593181,0.7996625853298903,1
-1.179655070478904,-1.097199119250659,-0.9070714949133182,-2.0963927932947977,0
1.192910813139665,-1.1182159497593782,-1.605859693384453,-0.8122610203246221,1
-0.7923007217355903,-0.39365557270855556,0.020797502389130317,-0.956203048337811,0
-0.6106559762939827,-0.9876444529611901,-1.8602355154424466,-1.6375939818295928,0
0.178046571683674,0.3240753680197358,1.2852485646219811,0.5249980138851997,1
-0.7715896924954329,-0.3728354548619642,-0.14932805741638217,-0.9173479514709535,0
1.1464129868577948,0.42426612399611113,1.0689594584185727,1.1922825094723097,1
1.2050641985554598,0.6970552064475249,1.002175605205469,1.5837624297502384,1
1.8135909814622335,-0.9138134361410875,0.012291182558531722,-0.20004664644296055,1
0.8092520976832001,0.5940427253661419,1.1530192239731465,1.2293299052281834,1
-2.3551363291592793,1.6321706914229264,-0.724801075576534,0.846144753530079,0
-0.8797773256498135,1.8729443893848552,-0.2691983450253833,1.9787847536237437,0
-0.38027205014184795,-1.623154702313211,0.7282923449484676,-2.346688392453158,1
1.649200093652508,-0.9664906694484806,-1.671356015520109,-0.36027362253804407,1
-2.3587306193686093,3.2990702176855677,2.5222959696350764,3.038170963973326,0
-1.273331286159522,-0.41027495296170435,-1.4432083750855946,-1.2440402774083132,0
0.2974614975750456,0.9524821953854036,-0.7012301990626445,1.4181469498175159,1
-1.2400241272192973,0.623825607696209,0.9451481026689682,0.13548347702942576,0
3.2037664635620127,-0.46044148675827,-1.732217130723455,1.1653222422234202,1
1.8116169049181687,-0.9188356769293464,0.41867251570205355,-0.207748510695817,1
-0.15351008280938316,-1.563899417861188,0.029847183099260377,-2.1433181786429203,1
1.691674055331803,-1.1933586490152173,0.8371926553986997,-0.6353988414483664,1
-1.08160503610074,1.3047681374210318,-0.3971123726079695,1.1193466274151136,0
0.8697841163268801,0.16072385673014988,-0.5821662124573509,0.6924533518992394,1
-1.2004197276628992,1.3101201218186382,0.7204468429050457,1.0606982477647926,0
-0.07594490859158531,0.9893954263156706,-1.221974867435744,1.260276170387408,1
0.21184462454570152,1.3136309018372343,-0.2589976970958839,1.8461619417991042,0
1.7072562119196002,-1.110125758999082,-0.8752300974589897,-0.5172303034490957,1
-1.277718257709732,-0.44243333666776474,-0.379449572628039,-1.2887934823616853,0
-0.46395364007238316,-1.279510868951857,-0.47254828827428874,-1.9406437176406712,0
1.0117807718498877,0.39174423049374296,0.3075356664203435,1.075038086698236,1
-1.3329497769093752,-0.17333901645826222,0.9784663290059734,-0.9651426014079056,0
-1.0288820916497334,0.2548132638645666,1.1612654701825944,-0.23347880597598536,0
-2.06440886612455,0.6072887066105666,0.36581954306281944,-0.3420861419495448,0
-3.3591250591672903,2.6995716267962613,0.2366005619285712,1.6959770773314777,0
-1.0091822586716392,1.1235516704422626,1.1311714740684333,0.9208677717619168,0
0.9095104518920378,-1.214161189477359,-0.1154027158509249,-1.0952388797916035,1
0.8358267442741609,0.10419559295193515,1.6155417471137676,0.5992744097158823,1
-1.715560922772322,-0.10757500328528069,0.9490409588810782,-1.0901285950669313,0
-1.9392615050762476,0.8449742568624574,0.5886034663759365,0.03995546353685375,0
-2.3567785918032014,1.0073326181594853,-0.5919950017803642,0.022809750403192552,0
-0.40271759462132384,-0.5981404577587589,0.5792064554514423,-1.0099500063775324,0
1.682937700000301,-0.9821169636809377,0.6181159291629335,-0.36218776459090263,1
1.2986177138716022,-1.0770723416854187,1.7753896166621823,-0.6996613304848837,1
-3.555256978883472,0.2915463403226395,-2.252963242228657,-1.5819656654578127,0
-2.061808542515767,0.829212267555413,-0.31724621118739127,-0.04854725798104331,0
1.327616893796419,-1.0699756704235908,0.7829197040525101,-0.674286837298371,1
0.6425558439933703,-0.5196215815122134,-1.3151033901355373,-0.32866857427570295,1
-1.095125498033208,-1.8538656743974051,0.7113690165442751,-3.0455991197119916,1
1.920767371567009,0.8667269193034276,0.8936347977261447,2.2028016208475076,1
-0.8225743335317142,1.402108746631087,1.6819775462997468,1.3906870913229106,0
1.214471462194678,-1.105667774514711,2.892006526225777,-0.7838238986495584,1
1.7508165085603395,0.4448571384218696,-1.092367477314557,1.553560361396536,1
-0.485378507865867,-0.9391055586685695,0.5859468239320319,-1.5044398460220894,0
-1.586241380295175,2.953786458326086,-0.7794195208520383,3.010810386529087,0
0.02576420428417725,-0.6157747206231136,-0.42485837526849984,-0.7962525293141467,0
0.5956531121859354,1.2306860214967683,0.14754862343645217,1.9491960740499605,1
0.31940603696460634,-1.4033068698690823,0.27508849887145254,-1.6704664683838029,1
1.961303105335503,-0.8646137955578022,0.8733604634799892,-0.05361867142121246,1
0.06763987256425008,-1.4859042794803057,-0.025452522092155674,-1.9183850039646069,1
2.0034608997373704,-0.8547775534977445,1.8256453473441359,-0.017362874504645798,1
-1.2595130916354453,0.21062842865991122,-0.7629539011352087,-0.41915212273482894,0
-0.6908256953498133,0.8858874514973563,0.4800476010874964,0.7840681155706558,0
-0.9428714048183066,-0.11963533501621104,0.2604223205342355,-0.6787816981082765,0
0.5276670881898488,-1.332577027177782,-0.30789765128436986,-1.462222342890141,1
1.369696802795435,-1.0555288494791921,0.23866551085278526,-0.6320055478074922,1
1.0896131717221393,-0.23769772722540544,0.20638271167877972,0.28958497938229144,1
-0.8737396843753078,3.423181439135018,-0.5600027559797374,4.022582495992744,0
2.633326514643666,-0.6495401746928569,0.8858464651063034,0.6010290140043728,1
0.10158055923688614,0.6821509725823136,-0.3649644161107501,0.9540276370069927,0
0.011732916629813683,1.2428393664984527,0.37806440093223126,1.6423423970218463,1
-0.24305314350305873,0.641764185290041,-2.107252129607448,0.7103211663973115,0
1.2240401106538978,-0.32038520706273066,-0.4813462176674081,0.2550745393256588,1
-0.00869141392119821,-1.5155020055120458,-1.2663777777052707,-1.9995459107053963,1
0.8746690615198618,-1.225215882730186,0.2238930734670329,-1.1290531827501953,1
-1.1843969962741738,3.716976082525367,-0.824043613655014,4.237519300988183,0
-1.3829332581725942,2.2598899895964295,-0.4799418478617242,2.209896375133189,0
-0.21310836748058604,-1.5708625782256647,-0.7411080388239775,-2.185435224704385,1
0.7579412901124615,1.1395153049339888,-0.9857998992979359,1.918924306271015,1
-1.957300950784568,0.7808521009185466,-0.1690957638261406,-0.054417701984821876,0
-0.4479673992880322,0.032118142993251886,-1.51786656759491,-0.20540705624166833,0
1.241571046255938,0.7891057313913784,-1.2927623912362023,1.7251062400357409,1
0.042720619413966654,-1.4865456796131111,-0.16626824031027276,-1.933007116465332,1
-2.246576474901625,0.34536724834782007,0.14009366511977497,-0.7875542021380109,0
0.15523970813852395,-2.5235040785415146,0.1047837949519224,-3.2356649127250963,0
-2.8776142614534774,1.2221550776462486,-0.1387716651020698,0.01759357975631204,0
-1.5941203386973457,0.8502958915391066,0.8668704977307455,0.2377889089220604,0
-0.14687435409078398,1.012048966860484,0.4716951405492802,1.250876329888559,0
0.9247842697797446,0.5425472343999159,1.5502701874481408,1.2254281756861396,1
0.466226338763426,-1.9538684304710574,-2.077284923871443,-2.313951791034945,0
-2.0701071691215596,0.8909588226712556,1.8840442181709516,0.02813673123057714,0
1.4009018955041805,0.35227853538697973,-0.8853415007400427,1.2382379378895179,1
-1.3036586824675498,2.0448751657912614,0.852718431312309,1.9707196720592695,0
-1.9775890124213578,1.3903273374464027,-0.3316759896996425,0.7365710600005442,0
1.565928686678009,-1.002147524571862,-0.5300638121016242,-0.45324690289712666,1
0.5413532677981903,-1.3257924047510476,0.20626371842861405,-1.4457251528916437,1
1.0983741751048386,-0.29829713690052573,0.6890310335487843,0.21466653945862102,1
-0.06148478596774065,-1.166353492677559,-1.8864586130859493,-1.569177709385417,0
0.8542515361851826,0.8385089499503673,-0.221402966835269,1.5759825121111586,1
-1.3069031345980786,-0.4456479393361672,-0.1827990682488265,-1.309160974996112,0
1.4704471335131124,-1.027485306147155,0.9483541506278781,-0.5393889739607717,1
-1.0699680179953388,-0.6124484578784641,0.04872783501583382,-1.3977061330723506,0
1.877761584122457,-0.8961545326823084,-2.60094649786572,-0.14132356415296743,1
-1.588650907403082,0.07224817679761786,0.25694943250849395,-0.7832722677838282,0
0.2812838352737993,0.998523590515456,-0.4467521066841275,1.4698030987115271,1
-1.1034455215802326,0.08900163403196071,-0.8871851007457594,-0.4929502993913686,0
1.9343335694734884,-0.8767217222626096,1.1414815323323695,-0.08446690756998443,1
1.662034345831546,-0.9691976657211561,-0.35145282086697616,-0.35674056252076747,1
-1.950150644637962,0.47015542195054405,-0.0332458638667217,-0.4594107769966116,0
1.271340024035342,-0.27689788340362054,-2.7548601108437016,0.3384657882427402,1
2.0119520900083137,0.6101571395208366,0.8863813065748624,1.9155144117849536,1
2.8990949420135936,0.11018751251162695,0.24155308170154224,1.7479446771861509,1
-1.1257553338607322,2.0653054694230777,-1.0948365015419288,2.0959735153054155,0
0.5348012301667651,-1.3329048031310546,-0.7610328800323487,-1.4587092935423684,1
0.8152541220328766,1.2696302189385413,1.1975049576666494,2.1218730412597253,1
-0.28945419553979446,-1.700221875964281,-1.3223605094026651,-2.3979127665623126,0
0.6054045302904116,0.8886234338373262,-0.7858480350404964,1.504356588958847,1
-0.07848033461687665,-1.4881055549301276,2.1578393992071505,-2.002072420642471,0
2.7933387165079093,-0.5984895602970353,0.1700397606975533,0.7566940140050762,1
0.8850781323077553,0.2596565135369384,-0.19435689038332493,0.8311269896060155,1
-1.971511173632595,0.3959874275418529,0.2924937864194698,-0.5688427493182433,0
-0.01286294040129865,-1.1074531280995863,0.5905915705717361,-1.4647685450392371,0
-1.9324951935863681,0.8781336114173751,1.3744130180207306,0.08734171056447204,0
1.138422928190706,-1.1387107260842362,1.3627807562964065,-0.8693631604235009,1
1.3832650788295586,-1.0588707378045548,0.10107787875412526,-0.6289023053710456,1
0.625311544448937,-1.3059683480296902,-0.3656466799133204,-1.3732116138671642,1
-1.1765726046871123,1.1889120322364728,0.8885558884190126,0.9143463308494042,0
0.8319806084087554,-1.235785556673732,-0.7749983429814733,-1.1665677423236658,1
-2.057543656323081,0.492053208735111,-0.6066617102477597,-0.48996611007296176,0
2.343281937820489,0.49119564668510163,-0.32567325589737306,1.9421271016487314,1
0.29727621690779804,-1.4131154218049127,-1.430602174270839,-1.695612326912947,1
-0.40889127608909837,-1.63595750790721,0.3520087985442931,-2.3793633607171096,1
0.7121051471412672,-0.05252083971547253,0.7310376538569208,0.3245946230161272,1
1.8172933278022767,-0.916476764867164,-0.32720389602541844,-0.20150515226328647,1
-1.0503522299737345,-1.8429272996338697,-0.9161565071251171,-3.006446570412921,1
0.24268753133610454,-1.421251455443794,0.9163320731160673,-1.7365033235780436,1
1.2303753042007,0.28689035858946177,-1.0717111894742832,1.0578880722400217,1
-2.9126678914152846,1.4434323643466107,1.2868120452527665,0.28946290406699426,0
0.8096412418872334,0.5320724987114815,-1.8376167207037948,1.147978351446646,1
1.1966131036243928,-1.1228286367938038,-0.855290148757905,-0.8162853496103168,1
0.0626572926494765,-1.4830319257332958,-0.20743792762235902,-1.917359217091997,1
-0.8823071545170171,-0.26266126088857433,-0.28783528877627884,-0.8335498337158076,0
0.18029244057384664,-1.4532132272327722,1.387470192430944,-1.813070504574324,1
-0.13290352158547003,-1.1271915723438326,-0.007374833017813609,-1.5571193499944387,1
3.422264188699713,-0.39702292908203596,-0.03454597724802418,1.3696029471999167,1
1.7885250024851667,-1.2138266573823628,0.08743945398348471,-0.6087903200341183,1
-0.7093892144929375,-1.730652354414339,-1.075023808263178,-2.670148694096518,1
1.6114698429937113,0.46015706740737217,0.9641514236762041,1.496653553152664,1
-0.4899799484772486,-1.8646233790401694,-0.5161401214236819,-2.7251729423876765,0
0.1440284628862425,-1.454770628144317,0.5775320470283862,-1.8351707918039872,1
1.5329407224510887,-1.008932167604292,0.8313482908830078,-0.4804161007883063,1
-0.5187108340500111,-1.6743694775703748,1.124531836592188,-2.4906414952781493,1
1.6916841300501595,-0.9572012727889644,-0.521435562722049,-0.32455721716610664,1
-1.5348808262523628,0.08415393989375441,1.084120139554473,-0.73787206937845,0
-1.7649387591555732,1.318270623851468,0.4023097416153084,0.7593028597360527,0
1.169025183084198,-1.12522625290523,-0.9005125637669513,-0.8346945456109878,1
-0.6579149431077991,1.325878155516539,-0.2447456238816396,1.3813909245777576,0
1.2079627335648828,-0.049822865872206745,-0.8517569251520212,0.6023060389928493,1
-0.7873221041722341,-0.6968275772961021,0.5859989576442354,-1.352492694145643,0
-0.9841693142497511,-0.3108025713174698,-0.6288059731079726,-0.9532343066601211,0
1.1092203234128672,0.4280580334465492,-0.32817248389290865,1.1767096424899401,1
-1.8594252910066709,0.5791797162839578,0.5618167226390863,-0.2657482011490646,0
-1.4631110543501,0.4209999751705576,-1.4277193780385398,-0.25482556922924937,0
0.3571587933111735,0.3522026834981765,0.07239465601276587,0.6610512378030315,0
1.8747887760932995,-0.8888495978777271,0.4076908257569335,-0.1333523014368676,1
0.09942250763126448,1.440768880369149,-0.12027150535455453,1.9513456975249281,0
0.8246721047840966,0.603483448206267,0.024031080348043965,1.250281754253931,1
0.0666686833641158,-1.4837561122618823,-0.027293799815906065,-1.916094506001917,1
0.7148787929455529,-1.2756738366716995,-0.9426673296760721,-1.283815401525056,1
1.224993404869065,-1.105769039531919,-1.4596352535993908,-0.7781395908980602,1
1.4091773121264315,0.5625957177041814,-1.373360946406851,1.5196379914161164,1
-0.9598337156873424,0.21625578076602084,1.98691440933059,-0.2460521652572748,0
2.3928775200112744,-0.8441478116603497,0.5726958066161367,0.21193718362782032,0
0.8461262994588429,-1.2356528205125092,0.18213828707757038,-1.158571861564815,1
2.156776498995143,-0.3436080258772529,0.6025338003028912,0.7402192147353724,1
1.3573273627359663,-1.0676621718749675,-0.06859697521805186,-0.6548147992143507,1
0.7210890685373015,-1.4526108723281737,1.9392268764994884,-1.5132705408880167,0
-2.573633742736129,0.2191197397964435,-0.6578983608262657,-1.13455459926511,0
-1.3291340084380845,0.45843113719780165,1.520564015755998,-0.13148169222058348,0
-3.02815465678238,2.2150729085743386,-0.45958927160754365,1.2412620867585105,0
1.0528798036560236,-1.1596246961087404,0.006823294439415329,-0.9441875340853341,1
1.9986511702258247,-0.8605996316477635,0.603485124916186,-0.02768534011006296,1
1.90279888138594,-0.8883511508409422,-0.4696945395306654,-0.11720941125924345,1
-1.453938470831803,-0.044423361775361214,-1.912329162087331,-0.8623554964137169,0
1.7787940030649803,0.34340402566034933,-0.40112999492458423,1.4354941106389574,1
-0.20469177127525007,-1.4038501975789783,0.9190520077286803,-1.9609559408113748,0
0.9193853022531506,0.6021344016864889,0.5053630374957508,1.3008731514950593,1
0.7956073522618892,-0.002750956342677524,1.144228663311925,0.4362714212965406,1
-0.7111230419937642,-0.924566452007447,-1.5590639877511543,-1.6101175562255061,0
1.1088514378987415,0.3145282356764644,0.30472653170890635,1.0270750178100847,1
0.2978616653963897,-1.4000531310951638,0.5573931663289643,-1.6780957285544318,1
-0.31994941010607736,-1.6096780630355227,0.21188955093587714,-2.2955976508261773,1
-1.8309375375563104,-0.027263942430181043,-1.6602316210466497,-1.0482131072244023,0
0.48638707528280467,-0.1895342352232831,-1.0120225380701207,0.01945447267785705,1
-1.8456853971913545,1.7482665532047612,1.2783966516754486,1.2806289917060143,0
1.9601682861757295,-0.8700573635169848,-0.05527852149995623,-0.06141107023947834,1
-2.107657775033603,2.8061260024043175,-0.8228457031620828,2.5281643463567356,0
1.3492737667995067,-1.0631893679469704,0.04799848371514026,-0.6533804296659131,1
-2.2609621248151406,0.6159458579530585,0.508603815854155,-0.4393659315259598,0
0.970916600513477,-1.1902983611265612,-2.3338716397447494,-1.029878511497602,1
2.212002153855326,0.8184496334070787,1.4571454287037675,2.3002819628529245,1
-2.082835056108408,0.7064046287951216,-0.19435802473963223,-0.22181522981984203,0
-1.1996336157771894,-0.27292497605615507,0.7875123825345144,-1.022509379924118,0
-1.4911675363418615,0.8062016141085201,-0.5205937375507624,0.23667368654908705,0
0.6626084115284727,0.20202114587483816,-0.2723687257405045,0.632262137947712,1
-0.2821995722703491,1.3762791511595225,0.2773765117996081,1.6554634316052241,0
1.8021380970272185,0.04805245940081704,0.5015141077105444,1.0596522098143992,0
0.0859225636890375,-1.4767794163536483,-1.255453230969976,-1.8962661155735083,1
2.708842648713558,-0.07618289191797589,1.929793522208898,1.397448710355183,1
-1.3048445062437974,-0.6914662897114519,-0.32862592638839694,-1.63157481875661,0
-3.36737265872127,2.305617856068834,-0.7125656068563853,1.172885481945347,0
1.3185491509800495,0.2492144054494727,1.0561968992882476,1.0570495006748706,1
-0.6784954656528539,-1.7237902483894563,-0.34109557480769576,-2.6440354318373016,1
1.7836997899076954,0.4132860420311273,-0.09090738344675316,1.5301869274969289,1
0.7086546534543834,0.3107743216649613,-0.3522037592390041,0.8008647244626783,1
1.2562399208382131,0.7692394768032673,0.585397003751781,1.7070682339911971,1
1.021472774099681,-1.1753031610526163,-0.15666537227185656,-0.9821888948707795,1
1.3072532831639228,1.1847595197812253,-0.9576604530864677,2.2821911223846216,1
0.49996392739462125,-0.5579381838041332,-0.3645199717785882,-0.45794106192894435,0
0.24406050710878224,-1.424993476309584,1.0679484848390677,-1.740669541988392,1
-0.2859694726386237,0.3681846408442773,-0.5080241552162867,0.3265006570906278,1
0.9242197786511513,-1.2027776449845695,-0.48821755712270304,-1.0721227779340459,1
-0.5216068644913507,-1.6699100363568844,0.2478117554185349,-2.48637308966794,1
0.4178339586219584,-1.3658200341979283,-1.2456520914459288,-1.5667044674820665,1
-2.6032306586860035,2.1837023944962333,0.3109258881100392,1.434912465034747,0
-0.43117639768272953,-1.036914674794532,0.7786063947386306,-1.6032101575259117,0
-1.127062083727242,-0.2476354705805796,0.7166898405287347,-0.949097830257946,0
0.9211878055596472,-1.1994400707272876,1.1887223426969744,-1.0694061636231893,1
-0.04042277761721058,-0.24984477628151755,-1.1893538267384767,-0.35120154528913705,0
-1.1131604497697176,2.3513167153584744,0.4401237920417376,2.4793921662248763,0
1.4678111341671074,-1.0287566975898026,0.4626427155076146,-0.5425198574707872,1
-0.7811285939766948,0.8648842580588089,0.9063833170176386,0.7064946188643462,0
-1.8006137485716205,0.5209942248670413,1.045629425756906,-0.3098163780219403,0
0.9484261318945266,0.030853182833700088,1.0592848224433913,0.5649956962652388,0
2.329161881705144,-0.7472062886275863,1.0291483903280587,0.3043055065496103,1
-0.49743074879031046,-0.741438823246093,1.7024088456891489,-1.2509298040498935,0
-1.7044087797567813,1.2205912501542353,-1.180178521416384,0.6642020051324975,0
-2.3772619762572456,2.7221117374916965,1.3390934185505639,2.268518238747456,0
-0.4595119638703602,0.8524737878827022,0.9522853881887995,0.8679818932751828,0
0.4826122847477955,0.33257163492106,1.2072608304166261,0.7045757683295043,1
-2.3832930002642367,0.75706924920049,-0.5133040911870722,-0.32125280205850326,0
-0.3163158125866452,-0.6971354811140112,0.6097591933405528,-1.0924779989809088,0
-2.04249664197376,1.2096258873173245,-0.17368188384426067,0.4628399288174121,0
-1.1083867166281132,0.4410499317296693,-1.2567588475353688,-0.03230780275560741,0
2.4926484099964665,0.3035334583638072,-0.2641596497832028,1.7777064962868532,0
0.35262097491130096,0.20656344116566522,-0.9215723396785007,0.46684837690437486,0
0.5016148372634588,-1.6577656442976836,-0.7480805738150887,-1.9046477928096979,0
0.7483835459827106,-1.2615242957631256,-1.5230693571753777,-1.2466666136302846,1
-0.2412876012657481,-1.4578915022584291,-0.4550454308793551,-2.0523202939227785,0
-0.3801699956765483,0.6916286924730181,2.247591001563705,0.7001419590965301,1
1.4296493645693802,-1.03403381878206,0.7007530931088967,-0.5705654220691121,1
-0.6353076006329658,1.4124413959468085,-1.838983796344031,1.5078271844239386,0
1.5051622040506634,-0.6452544338505493,0.9495163572029646,-0.017093443508726214,1
0.26730322486554714,-1.417541033145534,-0.006977614949185288,-1.7180095283208092,1
-1.4280768904521102,2.4644763161472194,0.45290435168157467,2.454217878891904,0
0.08318777485656814,1.7802002954749225,0.7015420382231264,2.3891373368613458,0
1.5470035428350357,-0.0009677392734324108,0.10473759928389446,0.8540664249747456,1
0.8813756992432641,0.2863606352630279,0.03176776840830804,0.8642285210467848,1
1.4876469732347233,-1.0195665433829937,1.6871233472563452,-0.5194562939466082,1
1.0867859420922783,0.8076703742843019,-0.7105666991914626,1.6639605953070176,1
0.4680576342695404,-1.3475929611061954,0.8064568386188644,-1.5149448198976205,1
0.1166490841852913,-0.027444754696755322,1.2273278781275465,0.028371973686206697,1
0.0555409917936156,0.9146236872826053,-0.4748583072759539,1.2345585160726127,1
-0.7086966727203117,-1.3340802873226538,0.5163135069048038,-2.147788034531982,0
-0.5074999245381062,-1.4287494918121018,-3.1304625738338303,-2.161151999803565,0
0.8466575505977556,0.8181769457583773,-0.42107738482757007,1.5450223120326372,0
0.9526532677620556,-1.1982618158947178,0.31065922140826063,-1.050458022830627,1
1.2418783903756794,-1.1045546624266271,-1.813579125265089,-0.7672054688323326,1
1.6208149807423498,-0.9843055549238924,1.6588460094026436,-0.3994161702519161,1
1.9285750310592298,-0.8731174127054895,0.7349338734112844,-0.08290673116708369,1
0.6558628710541561,-1.2864980077263564,0.5104645311750025,-1.3306924141925476,1
-0.09734035542093067,-1.5332595246152783,1.3293134445786081,-2.071932897344404,1
-0.023649628515773014,-1.0863246478321644,-1.881261321713955,-1.4429227012714732,0
0.5986106355374542,-1.3101964223688523,-1.5653520823403668,-1.3935396734520875,1
0.7356034960533057,-0.26948159855140424,1.839317726179331,0.052017887853681555,1
1.4243348844368087,1.467805218443878,0.10301146392485395,2.7194772843620925,1
0.622340767036796,-1.2985222843106061,-1.4536149929011142,-1.3650534711275815,1
-1.4313569083429205,2.3119936559734016,-0.46913647716592044,2.2517029852783907,0
1.562725785990227,-0.005566455944842397,-0.5254982781046935,0.8567063306306367,1
-0.558148643083068,0.02840800564718271,-0.08030253987032207,-0.27120977581808914,0
-1.4867438578671868,0.35643493989317226,0.8789707451231693,-0.35287423775133564,0
-1.1024648383493818,2.039789052655648,-0.455051051547004,2.075265534014512,0
0.19832499901073275,-1.4354513219404912,-0.33741853825803936,-1.7797216309301043,1
0.48380198182062206,-1.8867302002685717,0.2720158594519446,-2.215865232644366,0
3.0140500386531537,-0.525401978436125,-0.8283087455379226,0.97492522316281,1
-0.39231717749242534,1.1308038237430882,-1.3312873523809843,1.2714787036179047,0
-1.4367576982876233,1.4432927807991693,-0.46058556458742766,1.105311765995764,0
-0.43258090801420246,-0.371998104685361,-0.32508742965128135,-0.7288074314651005,0
0.7119241503094843,0.5371047061643373,-0.48062664257090854,1.1005739629673712,1
-0.6229429424682666,-1.0850142205530888,0.044236152053663554,-1.7725479053417479,0
-1.4208317915044266,0.643572005819404,0.4866437463678927,0.06150538121260807,0
-1.4596996440147785,1.2260978544974295,0.793284691300458,0.8067499171641669,0
-3.894990807594487,3.920661290064623,-1.5015706853145068,3.006924004216655,0
3.011234718668187,-0.5305572218549932,1.5908031503087894,0.9665831730817827,1
0.5045911298513599,-1.3430386483333254,-1.0451727461620688,-1.4887509079666343,1
0.20395123084084232,0.6543974799892875,1.6242153043653078,0.9740986902911333,1
1.4113679292694221,-1.0465807457975025,0.6103565300856137,-0.5971878194226852,1
-1.8779309785224134,0.4256457262755814,1.2648117900116322,-0.4780651722456253,0
-0.5364332755962261,0.8023935100953468,1.541898439938152,0.7595351305138778,0
1.3300020495560125,-1.0723827680663458,-0.34235683494680774,-0.6761363618791598,1
-0.08003217419481756,1.693102588203897,-1.2870096392075725,2.184252713406126,0
-0.813746734433473,0.23581074876597521,0.0035306723755707476,-0.1395417691156704,0
1.9069621317097987,0.16199393370752002,1.1149883405557353,1.2675820752701579,1
0.9511225970639676,-0.3571340716815477,1.0572902410767955,0.055808360941284385,1
0.88281151553195,-0.35024712411367526,0.05717461659738449,0.027103845891231826,1
-2.080394881075308,0.6013305138891354,-1.1265323877405684,-0.358767146996114,0
0.9112957312204597,0.32494217689193095,-0.013071007422677736,0.9315533028397536,0
1.369453693120966,0.5906014422035224,0.2684855810235603,1.5345365653287015,1
-0.0763819314562093,0.5562796405177517,-0.1699461652774748,0.6899570605706431,1
0.40873151988603973,0.7951609891994027,-0.20987416532203937,1.272598304831137,1
1.3747418826841389,0.07330985419166725,-0.6019372274668797,0.8565887045415951,1
0.8819318087963419,0.7538568902145975,0.623038056447735,1.479865879601871,0
2.2818122870426825,-0.7642626655852638,-1.0703758046601874,0.25567584050801284,1
-0.15118960245004387,1.8143363335233669,-0.7907485703038134,2.3044804722731524,0
-1.3616937537408627,0.6724518949355868,0.07287204453302931,0.13221528498652546,0
1.1943461375711868,-0.17164767301455836,-2.663586587291631,0.43442864659086877,1
1.3974578660720152,-1.0507588998087225,0.5081779760716229,-0.6103780981275841,1
0.7066050068130836,-2.2663618009921294,0.4536236553342033,-2.5923574629884065,0
-1.7613258879426523,0.10518301487081672,0.22733677113382245,-0.8353948487795858,0
-1.3803076151098814,0.4675678443472596,1.48183388769318,-0.14774968805349442,0
1.1428660842449505,0.6959175639076473,-0.07466695838627592,1.5478756221882548,1
-1.1223194228666988,-0.25000331256987146,-0.677048536403628,-0.9495922180891821,0
-0.9096280952941844,0.1666739423262958,0.1495085340544586,-0.2835542308823561,0
0.299205309942705,-1.1408481698614217,1.3567514630590696,-1.336180982678707,0
-1.9595175943469156,1.6929802722438074,-0.15627548895530838,1.1449218870191602,0
0.02058169255121922,-1.5142911117469058,1.5459336549881864,-1.9817669659752661,0
1.1332197405566826,-1.138274692260878,-0.7637009621256038,-0.8716660910799732,1
-1.3903569689961102,0.7043832533459388,-0.3573716651147591,0.1583961842769286,0
-1.3819223682110173,1.3979895704357714,0.4506449226614138,1.0760011064479496,0
2.490766177901282,0.1945434481250099,-0.9586877414356125,1.63321051861475,1
-0.33667132541251954,-0.9076489245802909,0.622961843379242,-1.380815476427863,0
0.544067800779054,-0.08252709200443198,-1.0060642802642898,0.19219160933168256,1
-1.1167239965222704,2.4236910322207903,-1.9728503762274188,2.5726827042073332,0
-0.23956687239279095,-0.6676157285226738,-0.5595847443878329,-1.011188801513564,0
-1.3216445183411585,1.8074869133446505,-0.7993561385012194,1.6483191179611891,0
-0.9982277917849269,0.7923443687938858,0.05987413071456677,0.49098144400408583,0
1.9088045798650866,0.14191322478745694,0.27776929995433286,1.2421700520870256,1
1.4319334444009761,0.640788539450203,0.2290223917723315,1.6351391696788773,1
-0.23326052162644506,1.6376272331870672,0.6379693739828659,2.0265145642849247,0
-0.7809862018926703,-0.3026460827591518,-0.35745069685249653,-0.8301583429756819,0
-2.3976931100485404,0.7685490090900425,-1.487299407578728,-0.31410470291042014,0
-0.5786763403359524,-0.4031926825309776,-0.4116310169374147,-0.8506428363878519,0
-1.0958738829195467,-0.7796104529784356,0.5082554572577417,-1.6320521816007967,0
1.2056672085874984,-1.1109503219129637,-0.5794815701221662,-0.7956447981727891,1
-0.7480714319633601,-0.8572077831616546,-0.7832348064034612,-1.5418872569701736,0
1.3071074862610212,0.39281748349806334,-0.9831153739077401,1.2397372367334576,1
-1.6541647157379311,1.7108175021183682,-0.7991365135940781,1.3372296678051796,0
1.4712042642132075,0.26590477294072856,-0.3742493013609571,1.163420968656277,1
-0.4197860734707193,-1.727571785506385,0.8555843150754984,-2.5059720371487098,0
-0.7223806917257305,1.4823730217002689,-0.7281135992660177,1.5517300621104049,0
0.6795221330859397,-0.25920371404829656,-0.7378129093781826,0.034538432699637855,1
0.2471197954024531,1.2486990627530115,0.6023309939968751,1.7802007696761488,0
-0.05512773921104075,-1.5175679153581136,-0.7680473123190192,-2.027939813368204,1
-1.189161310975473,-0.6044036616158193,1.2969028085895897,-1.4530194977715918,0
-1.2663483111263538,-0.31916384644523144,-1.2218938614258594,-1.1202567383849447,0
-0.9460867582813237,-1.3111394925984317,-0.7730567336353553,-2.248846079474016,0
-1.0240755027334214,0.4345195851385727,-0.6040122756864506,0.005712572254272352,0
-1.2651587311356007,1.9439451398000114,-1.3518358267887478,1.8591598002619252,0
-0.8479084315634697,-1.201790692151658,-0.2874072780338857,-2.050635622718498,0
-0.5522032173283657,-0.4453198735723449,1.328047813396788,-0.8914546420750995,0
1.211715658152771,-1.1087415377676684,-0.4367196699473551,-0.7893933477221262,1
0.14679486039905798,-1.4685295240230614,-0.46046610764124796,-1.851751038913339,1
-1.1465858695743187,0.648193473792013,-1.467778238418302,0.21921918122605932,0
-1.2180211583163187,-0.11596903469395048,-0.07339373703068978,-0.826086666515697,0
0.22137064040178767,0.4144723479045302,1.6208784433642716,0.6679346381424454,0
-2.0419099161498235,1.393347121309335,-1.4734225406049897,0.704982664771233,0
0.8257612776810234,1.2833756489438346,2.3783381049317343,2.1457745283457554,1
-0.1395913327337307,0.3432178128815211,-0.5458651137581711,0.3745713698717156,0
0.14849455623474628,0.04714477665165603,-0.809932374805011,0.1441559212118816,1
-1.7221156200422616,-0.6912526724381386,-0.21016220438980596,-1.8620033693858442,0
1.1432617573805803,-1.1348538063618343,-0.5850214807376317,-0.8616111946519327,1
0.013929349979166283,0.510905311204447,-0.15187502350171414,0.6801674902588721,1
1.329358564170834,0.30405947723127014,1.5151117227638113,1.135214449513214,1
0.49912747110953515,0.26548661882912605,1.6252359786349169,0.6254081137114152,1
-0.3386576101586768,-1.2555300774686062,-0.306949171757081,-1.8398032884259132,0
0.6658075162417625,1.1863748465234392,0.04939889936786776,1.9296610905862335,1
1.164748097635082,0.3514765920038418,2.6696759100203287,1.106612671445693,1
0.05497949610479125,0.16253153696131525,0.48554299427282427,0.24432617437571214,1
-0.3778811787816181,0.83470143392427,0.3078765208323439,0.8897232536870752,1
0.6511061604792538,1.238652873166556,1.0423056038358613,1.9903422965388953,1
-1.6189723889734342,1.5930895078187108,2.2465953779143177,1.2017311138382807,0
1.5665999641973907,0.09822147347313526,-0.9843763579080743,0.99545655311591,1
0.5488125758293716,-0.25078506133435075,-0.8286918131071275,-0.02665020996139056,0
2.06351781843402,-0.8386856247411623,-1.6366129986747031,0.037023256768889956,1
0.7347197153648055,-1.2668137732267515,0.08427655985754803,-1.2611835008588832,1
-0.17350370124884917,-0.4432687108514432,0.07054892338326141,-0.6793714176560177,0
-0.9092781362697215,-0.33496518168470646,-0.564733771721008,-0.9436302935572742,0
0.7675845663452868,0.7507652168792762,-1.2047549070863757,1.4125738114752717,1
-1.6933505402632736,0.7743567921867681,0.3520775533686926,0.08297152639836791,0
0.8735315544769717,-0.1787503310769846,0.059769771042782235,0.24770117333756358,0
0.9561628063008152,0.2803188897910344,-0.117989151198321,0.897626114134598,1
1.3408932780452272,-1.2609986164868163,-0.5006365983886136,-0.9183753325564166,0
0.5160137247532641,-1.3405702409770042,-0.9286710785646086,-1.479186363508048,1
2.015114255745983,0.2168845571901834,-0.8308928358850727,1.399627886501928,1
0.840797357029605,-1.2350291675031517,1.1929604242833398,-1.1606973732910038,1
